length,coupon_rate,TTM,N,Face_Value,Quantity,Nominal_Value
0.3287671232876712,0.02,120,6,10000,2,20000
4.835616438356165,0.09,1765,2,100,17,1700
0,0,0,1,1000,0,0
0,0,0,1,1000,0,0
0,0,0,1,1000,0,0
0,0,0,1,1000,0,0
0,0,0,1,1000,0,0
