length,coupon_rate,TTM,N,Face_Value,Quantity,Nominal_Value
0,0.07,0,1,1000,0,0
0,0.07,0,6,1000,0,0
0.35342465753424657,0.07,129,6,10,3,30
0.4520547945205479,0.03,165,6,1000,5,5000
0.4520547945205479,0.03,165,6,1000,5,5000
